AB_Specificity;a;data_annual_rebound_rate;x;y
0.9;0;0.04;6;136
0.9;0.01;0.04;6.12;136
0.9;0.02;0.04;6.24;136
0.9;0.03;0.04;6.36;136
0.9;0.04;0.04;6.48;136
0.9;0.05;0.04;6.6;136
0.9;0.06;0.04;6.72;136
0.9;0.07;0.04;6.84;136
0.9;0.08;0.04;6.96;136
0.9;0.09;0.04;7.08;136
0.9;0.1;0.04;7.2;136
0.9;0.11;0.04;7.32;136
0.9;0.12;0.04;7.44;136
0.9;0.13;0.04;7.56;136
0.9;0.14;0.04;7.68;136
0.9;0.15;0.04;7.8;136
0.9;0.16;0.04;7.92;136
0.9;0.17;0.04;8.04;136
0.9;0.18;0.04;8.16;136
0.9;0.19;0.04;8.28;136
0.9;0.2;0.04;8.4;136
0.9;0.21;0.04;8.52;136
0.9;0.22;0.04;8.64;136
0.9;0.23;0.04;8.76;136
0.9;0.24;0.04;8.88;136
0.9;0.25;0.04;9;136
0.9;0.26;0.04;9.12;136
0.9;0.27;0.04;9.24;136
0.9;0.28;0.04;9.36;136
0.9;0.29;0.04;9.48;136
0.9;0.3;0.04;9.6;136
0.9;0.31;0.04;9.72;136
0.9;0.32;0.04;9.84;136
0.9;0.33;0.04;9.96;136
0.9;0.34;0.04;10.08;136
0.9;0.35;0.04;10.2;136
0.9;0.36;0.04;10.32;136
0.9;0.37;0.04;10.44;136
0.9;0.38;0.04;10.56;136
0.9;0.39;0.04;10.68;136
0.9;0.4;0.04;10.8;136
0.9;0;0.05;6;145
0.9;0.01;0.05;6.12;145
0.9;0.02;0.05;6.24;145
0.9;0.03;0.05;6.36;145
0.9;0.04;0.05;6.48;145
0.9;0.05;0.05;6.6;145
0.9;0.06;0.05;6.72;145
0.9;0.07;0.05;6.84;145
0.9;0.08;0.05;6.96;145
0.9;0.09;0.05;7.08;145
0.9;0.1;0.05;7.2;145
0.9;0.11;0.05;7.32;145
0.9;0.12;0.05;7.44;145
0.9;0.13;0.05;7.56;145
0.9;0.14;0.05;7.68;145
0.9;0.15;0.05;7.8;145
0.9;0.16;0.05;7.92;145
0.9;0.17;0.05;8.04;145
0.9;0.18;0.05;8.16;145
0.9;0.19;0.05;8.28;145
0.9;0.2;0.05;8.4;145
0.9;0.21;0.05;8.52;145
0.9;0.22;0.05;8.64;145
0.9;0.23;0.05;8.76;145
0.9;0.24;0.05;8.88;145
0.9;0.25;0.05;9;145
0.9;0.26;0.05;9.12;145
0.9;0.27;0.05;9.24;145
0.9;0.28;0.05;9.36;145
0.9;0.29;0.05;9.48;145
0.9;0.3;0.05;9.6;145
0.9;0.31;0.05;9.72;145
0.9;0.32;0.05;9.84;145
0.9;0.33;0.05;9.96;145
0.9;0.34;0.05;10.08;145
0.9;0.35;0.05;10.2;145
0.9;0.36;0.05;10.32;145
0.9;0.37;0.05;10.44;145
0.9;0.38;0.05;10.56;145
0.9;0.39;0.05;10.68;145
0.9;0.4;0.05;10.8;145
0.9;0;0.06;6;154
0.9;0.01;0.06;6.12;154
0.9;0.02;0.06;6.24;154
0.9;0.03;0.06;6.36;154
0.9;0.04;0.06;6.48;154
0.9;0.05;0.06;6.6;154
0.9;0.06;0.06;6.72;154
0.9;0.07;0.06;6.84;154
0.9;0.08;0.06;6.96;154
0.9;0.09;0.06;7.08;154
0.9;0.1;0.06;7.2;154
0.9;0.11;0.06;7.32;154
0.9;0.12;0.06;7.44;154
0.9;0.13;0.06;7.56;154
0.9;0.14;0.06;7.68;154
0.9;0.15;0.06;7.8;154
0.9;0.16;0.06;7.92;154
0.9;0.17;0.06;8.04;154
0.9;0.18;0.06;8.16;154
0.9;0.19;0.06;8.28;154
0.9;0.2;0.06;8.4;154
0.9;0.21;0.06;8.52;154
0.9;0.22;0.06;8.64;154
0.9;0.23;0.06;8.76;154
0.9;0.24;0.06;8.88;154
0.9;0.25;0.06;9;154
0.9;0.26;0.06;9.12;154
0.9;0.27;0.06;9.24;154
0.9;0.28;0.06;9.36;154
0.9;0.29;0.06;9.48;154
0.9;0.3;0.06;9.6;154
0.9;0.31;0.06;9.72;154
0.9;0.32;0.06;9.84;154
0.9;0.33;0.06;9.96;154
0.9;0.34;0.06;10.08;154
0.9;0.35;0.06;10.2;154
0.9;0.36;0.06;10.32;154
0.9;0.37;0.06;10.44;154
0.9;0.38;0.06;10.56;154
0.9;0.39;0.06;10.68;154
0.9;0.4;0.06;10.8;154
0.9;0;0.07;6;163
0.9;0.01;0.07;6.12;163
0.9;0.02;0.07;6.24;163
0.9;0.03;0.07;6.36;163
0.9;0.04;0.07;6.48;163
0.9;0.05;0.07;6.6;163
0.9;0.06;0.07;6.72;163
0.9;0.07;0.07;6.84;163
0.9;0.08;0.07;6.96;163
0.9;0.09;0.07;7.08;163
0.9;0.1;0.07;7.2;163
0.9;0.11;0.07;7.32;163
0.9;0.12;0.07;7.44;163
0.9;0.13;0.07;7.56;163
0.9;0.14;0.07;7.68;163
0.9;0.15;0.07;7.8;163
0.9;0.16;0.07;7.92;163
0.9;0.17;0.07;8.04;163
0.9;0.18;0.07;8.16;163
0.9;0.19;0.07;8.28;163
0.9;0.2;0.07;8.4;163
0.9;0.21;0.07;8.52;163
0.9;0.22;0.07;8.64;163
0.9;0.23;0.07;8.76;163
0.9;0.24;0.07;8.88;163
0.9;0.25;0.07;9;163
0.9;0.26;0.07;9.12;163
0.9;0.27;0.07;9.24;163
0.9;0.28;0.07;9.36;163
0.9;0.29;0.07;9.48;163
0.9;0.3;0.07;9.6;163
0.9;0.31;0.07;9.72;163
0.9;0.32;0.07;9.84;163
0.9;0.33;0.07;9.96;163
0.9;0.34;0.07;10.08;163
0.9;0.35;0.07;10.2;163
0.9;0.36;0.07;10.32;163
0.9;0.37;0.07;10.44;163
0.9;0.38;0.07;10.56;163
0.9;0.39;0.07;10.68;163
0.9;0.4;0.07;10.8;163
0.9;0;0.08;6;172
0.9;0.01;0.08;6.12;172
0.9;0.02;0.08;6.24;172
0.9;0.03;0.08;6.36;172
0.9;0.04;0.08;6.48;172
0.9;0.05;0.08;6.6;172
0.9;0.06;0.08;6.72;172
0.9;0.07;0.08;6.84;172
0.9;0.08;0.08;6.96;172
0.9;0.09;0.08;7.08;172
0.9;0.1;0.08;7.2;172
0.9;0.11;0.08;7.32;172
0.9;0.12;0.08;7.44;172
0.9;0.13;0.08;7.56;172
0.9;0.14;0.08;7.68;172
0.9;0.15;0.08;7.8;172
0.9;0.16;0.08;7.92;172
0.9;0.17;0.08;8.04;172
0.9;0.18;0.08;8.16;172
0.9;0.19;0.08;8.28;172
0.9;0.2;0.08;8.4;172
0.9;0.21;0.08;8.52;172
0.9;0.22;0.08;8.64;172
0.9;0.23;0.08;8.76;172
0.9;0.24;0.08;8.88;172
0.9;0.25;0.08;9;172
0.9;0.26;0.08;9.12;172
0.9;0.27;0.08;9.24;172
0.9;0.28;0.08;9.36;172
0.9;0.29;0.08;9.48;172
0.9;0.3;0.08;9.6;172
0.9;0.31;0.08;9.72;172
0.9;0.32;0.08;9.84;172
0.9;0.33;0.08;9.96;172
0.9;0.34;0.08;10.08;172
0.9;0.35;0.08;10.2;172
0.9;0.36;0.08;10.32;172
0.9;0.37;0.08;10.44;172
0.9;0.38;0.08;10.56;172
0.9;0.39;0.08;10.68;172
0.9;0.4;0.08;10.8;172
0.9;0;0.09;6;181
0.9;0.01;0.09;6.12;181
0.9;0.02;0.09;6.24;181
0.9;0.03;0.09;6.36;181
0.9;0.04;0.09;6.48;181
0.9;0.05;0.09;6.6;181
0.9;0.06;0.09;6.72;181
0.9;0.07;0.09;6.84;181
0.9;0.08;0.09;6.96;181
0.9;0.09;0.09;7.08;181
0.9;0.1;0.09;7.2;181
0.9;0.11;0.09;7.32;181
0.9;0.12;0.09;7.44;181
0.9;0.13;0.09;7.56;181
0.9;0.14;0.09;7.68;181
0.9;0.15;0.09;7.8;181
0.9;0.16;0.09;7.92;181
0.9;0.17;0.09;8.04;181
0.9;0.18;0.09;8.16;181
0.9;0.19;0.09;8.28;181
0.9;0.2;0.09;8.4;181
0.9;0.21;0.09;8.52;181
0.9;0.22;0.09;8.64;181
0.9;0.23;0.09;8.76;181
0.9;0.24;0.09;8.88;181
0.9;0.25;0.09;9;181
0.9;0.26;0.09;9.12;181
0.9;0.27;0.09;9.24;181
0.9;0.28;0.09;9.36;181
0.9;0.29;0.09;9.48;181
0.9;0.3;0.09;9.6;181
0.9;0.31;0.09;9.72;181
0.9;0.32;0.09;9.84;181
0.9;0.33;0.09;9.96;181
0.9;0.34;0.09;10.08;181
0.9;0.35;0.09;10.2;181
0.9;0.36;0.09;10.32;181
0.9;0.37;0.09;10.44;181
0.9;0.38;0.09;10.56;181
0.9;0.39;0.09;10.68;181
0.9;0.4;0.09;10.8;181
0.9;0;0.1;6;190
0.9;0.01;0.1;6.12;190
0.9;0.02;0.1;6.24;190
0.9;0.03;0.1;6.36;190
0.9;0.04;0.1;6.48;190
0.9;0.05;0.1;6.6;190
0.9;0.06;0.1;6.72;190
0.9;0.07;0.1;6.84;190
0.9;0.08;0.1;6.96;190
0.9;0.09;0.1;7.08;190
0.9;0.1;0.1;7.2;190
0.9;0.11;0.1;7.32;190
0.9;0.12;0.1;7.44;190
0.9;0.13;0.1;7.56;190
0.9;0.14;0.1;7.68;190
0.9;0.15;0.1;7.8;190
0.9;0.16;0.1;7.92;190
0.9;0.17;0.1;8.04;190
0.9;0.18;0.1;8.16;190
0.9;0.19;0.1;8.28;190
0.9;0.2;0.1;8.4;190
0.9;0.21;0.1;8.52;190
0.9;0.22;0.1;8.64;190
0.9;0.23;0.1;8.76;190
0.9;0.24;0.1;8.88;190
0.9;0.25;0.1;9;190
0.9;0.26;0.1;9.12;190
0.9;0.27;0.1;9.24;190
0.9;0.28;0.1;9.36;190
0.9;0.29;0.1;9.48;190
0.9;0.3;0.1;9.6;190
0.9;0.31;0.1;9.72;190
0.9;0.32;0.1;9.84;190
0.9;0.33;0.1;9.96;190
0.9;0.34;0.1;10.08;190
0.9;0.35;0.1;10.2;190
0.9;0.36;0.1;10.32;190
0.9;0.37;0.1;10.44;190
0.9;0.38;0.1;10.56;190
0.9;0.39;0.1;10.68;190
0.9;0.4;0.1;10.8;190
0.9;0;0.11;6;199
0.9;0.01;0.11;6.12;199
0.9;0.02;0.11;6.24;199
0.9;0.03;0.11;6.36;199
0.9;0.04;0.11;6.48;199
0.9;0.05;0.11;6.6;199
0.9;0.06;0.11;6.72;199
0.9;0.07;0.11;6.84;199
0.9;0.08;0.11;6.96;199
0.9;0.09;0.11;7.08;199
0.9;0.1;0.11;7.2;199
0.9;0.11;0.11;7.32;199
0.9;0.12;0.11;7.44;199
0.9;0.13;0.11;7.56;199
0.9;0.14;0.11;7.68;199
0.9;0.15;0.11;7.8;199
0.9;0.16;0.11;7.92;199
0.9;0.17;0.11;8.04;199
0.9;0.18;0.11;8.16;199
0.9;0.19;0.11;8.28;199
0.9;0.2;0.11;8.4;199
0.9;0.21;0.11;8.52;199
0.9;0.22;0.11;8.64;199
0.9;0.23;0.11;8.76;199
0.9;0.24;0.11;8.88;199
0.9;0.25;0.11;9;199
0.9;0.26;0.11;9.12;199
0.9;0.27;0.11;9.24;199
0.9;0.28;0.11;9.36;199
0.9;0.29;0.11;9.48;199
0.9;0.3;0.11;9.6;199
0.9;0.31;0.11;9.72;199
0.9;0.32;0.11;9.84;199
0.9;0.33;0.11;9.96;199
0.9;0.34;0.11;10.08;199
0.9;0.35;0.11;10.2;199
0.9;0.36;0.11;10.32;199
0.9;0.37;0.11;10.44;199
0.9;0.38;0.11;10.56;199
0.9;0.39;0.11;10.68;199
0.9;0.4;0.11;10.8;199
0.9;0;0.12;6;208
0.9;0.01;0.12;6.12;208
0.9;0.02;0.12;6.24;208
0.9;0.03;0.12;6.36;208
0.9;0.04;0.12;6.48;208
0.9;0.05;0.12;6.6;208
0.9;0.06;0.12;6.72;208
0.9;0.07;0.12;6.84;208
0.9;0.08;0.12;6.96;208
0.9;0.09;0.12;7.08;208
0.9;0.1;0.12;7.2;208
0.9;0.11;0.12;7.32;208
0.9;0.12;0.12;7.44;208
0.9;0.13;0.12;7.56;208
0.9;0.14;0.12;7.68;208
0.9;0.15;0.12;7.8;208
0.9;0.16;0.12;7.92;208
0.9;0.17;0.12;8.04;208
0.9;0.18;0.12;8.16;208
0.9;0.19;0.12;8.28;208
0.9;0.2;0.12;8.4;208
0.9;0.21;0.12;8.52;208
0.9;0.22;0.12;8.64;208
0.9;0.23;0.12;8.76;208
0.9;0.24;0.12;8.88;208
0.9;0.25;0.12;9;208
0.9;0.26;0.12;9.12;208
0.9;0.27;0.12;9.24;208
0.9;0.28;0.12;9.36;208
0.9;0.29;0.12;9.48;208
0.9;0.3;0.12;9.6;208
0.9;0.31;0.12;9.72;208
0.9;0.32;0.12;9.84;208
0.9;0.33;0.12;9.96;208
0.9;0.34;0.12;10.08;208
0.9;0.35;0.12;10.2;208
0.9;0.36;0.12;10.32;208
0.9;0.37;0.12;10.44;208
0.9;0.38;0.12;10.56;208
0.9;0.39;0.12;10.68;208
0.9;0.4;0.12;10.8;208
0.9;0;0.13;6;217
0.9;0.01;0.13;6.12;217
0.9;0.02;0.13;6.24;217
0.9;0.03;0.13;6.36;217
0.9;0.04;0.13;6.48;217
0.9;0.05;0.13;6.6;217
0.9;0.06;0.13;6.72;217
0.9;0.07;0.13;6.84;217
0.9;0.08;0.13;6.96;217
0.9;0.09;0.13;7.08;217
0.9;0.1;0.13;7.2;217
0.9;0.11;0.13;7.32;217
0.9;0.12;0.13;7.44;217
0.9;0.13;0.13;7.56;217
0.9;0.14;0.13;7.68;217
0.9;0.15;0.13;7.8;217
0.9;0.16;0.13;7.92;217
0.9;0.17;0.13;8.04;217
0.9;0.18;0.13;8.16;217
0.9;0.19;0.13;8.28;217
0.9;0.2;0.13;8.4;217
0.9;0.21;0.13;8.52;217
0.9;0.22;0.13;8.64;217
0.9;0.23;0.13;8.76;217
0.9;0.24;0.13;8.88;217
0.9;0.25;0.13;9;217
0.9;0.26;0.13;9.12;217
0.9;0.27;0.13;9.24;217
0.9;0.28;0.13;9.36;217
0.9;0.29;0.13;9.48;217
0.9;0.3;0.13;9.6;217
0.9;0.31;0.13;9.72;217
0.9;0.32;0.13;9.84;217
0.9;0.33;0.13;9.96;217
0.9;0.34;0.13;10.08;217
0.9;0.35;0.13;10.2;217
0.9;0.36;0.13;10.32;217
0.9;0.37;0.13;10.44;217
0.9;0.38;0.13;10.56;217
0.9;0.39;0.13;10.68;217
0.9;0.4;0.13;10.8;217
0.9;0;0.14;6;226
0.9;0.01;0.14;6.12;226
0.9;0.02;0.14;6.24;226
0.9;0.03;0.14;6.36;226
0.9;0.04;0.14;6.48;226
0.9;0.05;0.14;6.6;226
0.9;0.06;0.14;6.72;226
0.9;0.07;0.14;6.84;226
0.9;0.08;0.14;6.96;226
0.9;0.09;0.14;7.08;226
0.9;0.1;0.14;7.2;226
0.9;0.11;0.14;7.32;226
0.9;0.12;0.14;7.44;226
0.9;0.13;0.14;7.56;226
0.9;0.14;0.14;7.68;226
0.9;0.15;0.14;7.8;226
0.9;0.16;0.14;7.92;226
0.9;0.17;0.14;8.04;226
0.9;0.18;0.14;8.16;226
0.9;0.19;0.14;8.28;226
0.9;0.2;0.14;8.4;226
0.9;0.21;0.14;8.52;226
0.9;0.22;0.14;8.64;226
0.9;0.23;0.14;8.76;226
0.9;0.24;0.14;8.88;226
0.9;0.25;0.14;9;226
0.9;0.26;0.14;9.12;226
0.9;0.27;0.14;9.24;226
0.9;0.28;0.14;9.36;226
0.9;0.29;0.14;9.48;226
0.9;0.3;0.14;9.6;226
0.9;0.31;0.14;9.72;226
0.9;0.32;0.14;9.84;226
0.9;0.33;0.14;9.96;226
0.9;0.34;0.14;10.08;226
0.9;0.35;0.14;10.2;226
0.9;0.36;0.14;10.32;226
0.9;0.37;0.14;10.44;226
0.9;0.38;0.14;10.56;226
0.9;0.39;0.14;10.68;226
0.9;0.4;0.14;10.8;226
0.9;0;0.15;6;235
0.9;0.01;0.15;6.12;235
0.9;0.02;0.15;6.24;235
0.9;0.03;0.15;6.36;235
0.9;0.04;0.15;6.48;235
0.9;0.05;0.15;6.6;235
0.9;0.06;0.15;6.72;235
0.9;0.07;0.15;6.84;235
0.9;0.08;0.15;6.96;235
0.9;0.09;0.15;7.08;235
0.9;0.1;0.15;7.2;235
0.9;0.11;0.15;7.32;235
0.9;0.12;0.15;7.44;235
0.9;0.13;0.15;7.56;235
0.9;0.14;0.15;7.68;235
0.9;0.15;0.15;7.8;235
0.9;0.16;0.15;7.92;235
0.9;0.17;0.15;8.04;235
0.9;0.18;0.15;8.16;235
0.9;0.19;0.15;8.28;235
0.9;0.2;0.15;8.4;235
0.9;0.21;0.15;8.52;235
0.9;0.22;0.15;8.64;235
0.9;0.23;0.15;8.76;235
0.9;0.24;0.15;8.88;235
0.9;0.25;0.15;9;235
0.9;0.26;0.15;9.12;235
0.9;0.27;0.15;9.24;235
0.9;0.28;0.15;9.36;235
0.9;0.29;0.15;9.48;235
0.9;0.3;0.15;9.6;235
0.9;0.31;0.15;9.72;235
0.9;0.32;0.15;9.84;235
0.9;0.33;0.15;9.96;235
0.9;0.34;0.15;10.08;235
0.9;0.35;0.15;10.2;235
0.9;0.36;0.15;10.32;235
0.9;0.37;0.15;10.44;235
0.9;0.38;0.15;10.56;235
0.9;0.39;0.15;10.68;235
0.9;0.4;0.15;10.8;235
0.9;0;0.16;6;244
0.9;0.01;0.16;6.12;244
0.9;0.02;0.16;6.24;244
0.9;0.03;0.16;6.36;244
0.9;0.04;0.16;6.48;244
0.9;0.05;0.16;6.6;244
0.9;0.06;0.16;6.72;244
0.9;0.07;0.16;6.84;244
0.9;0.08;0.16;6.96;244
0.9;0.09;0.16;7.08;244
0.9;0.1;0.16;7.2;244
0.9;0.11;0.16;7.32;244
0.9;0.12;0.16;7.44;244
0.9;0.13;0.16;7.56;244
0.9;0.14;0.16;7.68;244
0.9;0.15;0.16;7.8;244
0.9;0.16;0.16;7.92;244
0.9;0.17;0.16;8.04;244
0.9;0.18;0.16;8.16;244
0.9;0.19;0.16;8.28;244
0.9;0.2;0.16;8.4;244
0.9;0.21;0.16;8.52;244
0.9;0.22;0.16;8.64;244
0.9;0.23;0.16;8.76;244
0.9;0.24;0.16;8.88;244
0.9;0.25;0.16;9;244
0.9;0.26;0.16;9.12;244
0.9;0.27;0.16;9.24;244
0.9;0.28;0.16;9.36;244
0.9;0.29;0.16;9.48;244
0.9;0.3;0.16;9.6;244
0.9;0.31;0.16;9.72;244
0.9;0.32;0.16;9.84;244
0.9;0.33;0.16;9.96;244
0.9;0.34;0.16;10.08;244
0.9;0.35;0.16;10.2;244
0.9;0.36;0.16;10.32;244
0.9;0.37;0.16;10.44;244
0.9;0.38;0.16;10.56;244
0.9;0.39;0.16;10.68;244
0.9;0.4;0.16;10.8;244
0.9;0;0.17;6;253
0.9;0.01;0.17;6.12;253
0.9;0.02;0.17;6.24;253
0.9;0.03;0.17;6.36;253
0.9;0.04;0.17;6.48;253
0.9;0.05;0.17;6.6;253
0.9;0.06;0.17;6.72;253
0.9;0.07;0.17;6.84;253
0.9;0.08;0.17;6.96;253
0.9;0.09;0.17;7.08;253
0.9;0.1;0.17;7.2;253
0.9;0.11;0.17;7.32;253
0.9;0.12;0.17;7.44;253
0.9;0.13;0.17;7.56;253
0.9;0.14;0.17;7.68;253
0.9;0.15;0.17;7.8;253
0.9;0.16;0.17;7.92;253
0.9;0.17;0.17;8.04;253
0.9;0.18;0.17;8.16;253
0.9;0.19;0.17;8.28;253
0.9;0.2;0.17;8.4;253
0.9;0.21;0.17;8.52;253
0.9;0.22;0.17;8.64;253
0.9;0.23;0.17;8.76;253
0.9;0.24;0.17;8.88;253
0.9;0.25;0.17;9;253
0.9;0.26;0.17;9.12;253
0.9;0.27;0.17;9.24;253
0.9;0.28;0.17;9.36;253
0.9;0.29;0.17;9.48;253
0.9;0.3;0.17;9.6;253
0.9;0.31;0.17;9.72;253
0.9;0.32;0.17;9.84;253
0.9;0.33;0.17;9.96;253
0.9;0.34;0.17;10.08;253
0.9;0.35;0.17;10.2;253
0.9;0.36;0.17;10.32;253
0.9;0.37;0.17;10.44;253
0.9;0.38;0.17;10.56;253
0.9;0.39;0.17;10.68;253
0.9;0.4;0.17;10.8;253
0.9;0;0.18;6;262
0.9;0.01;0.18;6.12;262
0.9;0.02;0.18;6.24;262
0.9;0.03;0.18;6.36;262
0.9;0.04;0.18;6.48;262
0.9;0.05;0.18;6.6;262
0.9;0.06;0.18;6.72;262
0.9;0.07;0.18;6.84;262
0.9;0.08;0.18;6.96;262
0.9;0.09;0.18;7.08;262
0.9;0.1;0.18;7.2;262
0.9;0.11;0.18;7.32;262
0.9;0.12;0.18;7.44;262
0.9;0.13;0.18;7.56;262
0.9;0.14;0.18;7.68;262
0.9;0.15;0.18;7.8;262
0.9;0.16;0.18;7.92;262
0.9;0.17;0.18;8.04;262
0.9;0.18;0.18;8.16;262
0.9;0.19;0.18;8.28;262
0.9;0.2;0.18;8.4;262
0.9;0.21;0.18;8.52;262
0.9;0.22;0.18;8.64;262
0.9;0.23;0.18;8.76;262
0.9;0.24;0.18;8.88;262
0.9;0.25;0.18;9;262
0.9;0.26;0.18;9.12;262
0.9;0.27;0.18;9.24;262
0.9;0.28;0.18;9.36;262
0.9;0.29;0.18;9.48;262
0.9;0.3;0.18;9.6;262
0.9;0.31;0.18;9.72;262
0.9;0.32;0.18;9.84;262
0.9;0.33;0.18;9.96;262
0.9;0.34;0.18;10.08;262
0.9;0.35;0.18;10.2;262
0.9;0.36;0.18;10.32;262
0.9;0.37;0.18;10.44;262
0.9;0.38;0.18;10.56;262
0.9;0.39;0.18;10.68;262
0.9;0.4;0.18;10.8;262
0.9;0;0.19;6;271
0.9;0.01;0.19;6.12;271
0.9;0.02;0.19;6.24;271
0.9;0.03;0.19;6.36;271
0.9;0.04;0.19;6.48;271
0.9;0.05;0.19;6.6;271
0.9;0.06;0.19;6.72;271
0.9;0.07;0.19;6.84;271
0.9;0.08;0.19;6.96;271
0.9;0.09;0.19;7.08;271
0.9;0.1;0.19;7.2;271
0.9;0.11;0.19;7.32;271
0.9;0.12;0.19;7.44;271
0.9;0.13;0.19;7.56;271
0.9;0.14;0.19;7.68;271
0.9;0.15;0.19;7.8;271
0.9;0.16;0.19;7.92;271
0.9;0.17;0.19;8.04;271
0.9;0.18;0.19;8.16;271
0.9;0.19;0.19;8.28;271
0.9;0.2;0.19;8.4;271
0.9;0.21;0.19;8.52;271
0.9;0.22;0.19;8.64;271
0.9;0.23;0.19;8.76;271
0.9;0.24;0.19;8.88;271
0.9;0.25;0.19;9;271
0.9;0.26;0.19;9.12;271
0.9;0.27;0.19;9.24;271
0.9;0.28;0.19;9.36;271
0.9;0.29;0.19;9.48;271
0.9;0.3;0.19;9.6;271
0.9;0.31;0.19;9.72;271
0.9;0.32;0.19;9.84;271
0.9;0.33;0.19;9.96;271
0.9;0.34;0.19;10.08;271
0.9;0.35;0.19;10.2;271
0.9;0.36;0.19;10.32;271
0.9;0.37;0.19;10.44;271
0.9;0.38;0.19;10.56;271
0.9;0.39;0.19;10.68;271
0.9;0.4;0.19;10.8;271
0.9;0;0.2;6;280
0.9;0.01;0.2;6.12;280
0.9;0.02;0.2;6.24;280
0.9;0.03;0.2;6.36;280
0.9;0.04;0.2;6.48;280
0.9;0.05;0.2;6.6;280
0.9;0.06;0.2;6.72;280
0.9;0.07;0.2;6.84;280
0.9;0.08;0.2;6.96;280
0.9;0.09;0.2;7.08;280
0.9;0.1;0.2;7.2;280
0.9;0.11;0.2;7.32;280
0.9;0.12;0.2;7.44;280
0.9;0.13;0.2;7.56;280
0.9;0.14;0.2;7.68;280
0.9;0.15;0.2;7.8;280
0.9;0.16;0.2;7.92;280
0.9;0.17;0.2;8.04;280
0.9;0.18;0.2;8.16;280
0.9;0.19;0.2;8.28;280
0.9;0.2;0.2;8.4;280
0.9;0.21;0.2;8.52;280
0.9;0.22;0.2;8.64;280
0.9;0.23;0.2;8.76;280
0.9;0.24;0.2;8.88;280
0.9;0.25;0.2;9;280
0.9;0.26;0.2;9.12;280
0.9;0.27;0.2;9.24;280
0.9;0.28;0.2;9.36;280
0.9;0.29;0.2;9.48;280
0.9;0.3;0.2;9.6;280
0.9;0.31;0.2;9.72;280
0.9;0.32;0.2;9.84;280
0.9;0.33;0.2;9.96;280
0.9;0.34;0.2;10.08;280
0.9;0.35;0.2;10.2;280
0.9;0.36;0.2;10.32;280
0.9;0.37;0.2;10.44;280
0.9;0.38;0.2;10.56;280
0.9;0.39;0.2;10.68;280
0.9;0.4;0.2;10.8;280
0.9;0;0.21;6;289
0.9;0.01;0.21;6.12;289
0.9;0.02;0.21;6.24;289
0.9;0.03;0.21;6.36;289
0.9;0.04;0.21;6.48;289
0.9;0.05;0.21;6.6;289
0.9;0.06;0.21;6.72;289
0.9;0.07;0.21;6.84;289
0.9;0.08;0.21;6.96;289
0.9;0.09;0.21;7.08;289
0.9;0.1;0.21;7.2;289
0.9;0.11;0.21;7.32;289
0.9;0.12;0.21;7.44;289
0.9;0.13;0.21;7.56;289
0.9;0.14;0.21;7.68;289
0.9;0.15;0.21;7.8;289
0.9;0.16;0.21;7.92;289
0.9;0.17;0.21;8.04;289
0.9;0.18;0.21;8.16;289
0.9;0.19;0.21;8.28;289
0.9;0.2;0.21;8.4;289
0.9;0.21;0.21;8.52;289
0.9;0.22;0.21;8.64;289
0.9;0.23;0.21;8.76;289
0.9;0.24;0.21;8.88;289
0.9;0.25;0.21;9;289
0.9;0.26;0.21;9.12;289
0.9;0.27;0.21;9.24;289
0.9;0.28;0.21;9.36;289
0.9;0.29;0.21;9.48;289
0.9;0.3;0.21;9.6;289
0.9;0.31;0.21;9.72;289
0.9;0.32;0.21;9.84;289
0.9;0.33;0.21;9.96;289
0.9;0.34;0.21;10.08;289
0.9;0.35;0.21;10.2;289
0.9;0.36;0.21;10.32;289
0.9;0.37;0.21;10.44;289
0.9;0.38;0.21;10.56;289
0.9;0.39;0.21;10.68;289
0.9;0.4;0.21;10.8;289
0.9;0;0.22;6;298
0.9;0.01;0.22;6.12;298
0.9;0.02;0.22;6.24;298
0.9;0.03;0.22;6.36;298
0.9;0.04;0.22;6.48;298
0.9;0.05;0.22;6.6;298
0.9;0.06;0.22;6.72;298
0.9;0.07;0.22;6.84;298
0.9;0.08;0.22;6.96;298
0.9;0.09;0.22;7.08;298
0.9;0.1;0.22;7.2;298
0.9;0.11;0.22;7.32;298
0.9;0.12;0.22;7.44;298
0.9;0.13;0.22;7.56;298
0.9;0.14;0.22;7.68;298
0.9;0.15;0.22;7.8;298
0.9;0.16;0.22;7.92;298
0.9;0.17;0.22;8.04;298
0.9;0.18;0.22;8.16;298
0.9;0.19;0.22;8.28;298
0.9;0.2;0.22;8.4;298
0.9;0.21;0.22;8.52;298
0.9;0.22;0.22;8.64;298
0.9;0.23;0.22;8.76;298
0.9;0.24;0.22;8.88;298
0.9;0.25;0.22;9;298
0.9;0.26;0.22;9.12;298
0.9;0.27;0.22;9.24;298
0.9;0.28;0.22;9.36;298
0.9;0.29;0.22;9.48;298
0.9;0.3;0.22;9.6;298
0.9;0.31;0.22;9.72;298
0.9;0.32;0.22;9.84;298
0.9;0.33;0.22;9.96;298
0.9;0.34;0.22;10.08;298
0.9;0.35;0.22;10.2;298
0.9;0.36;0.22;10.32;298
0.9;0.37;0.22;10.44;298
0.9;0.38;0.22;10.56;298
0.9;0.39;0.22;10.68;298
0.9;0.4;0.22;10.8;298
0.9;0;0.23;6;307
0.9;0.01;0.23;6.12;307
0.9;0.02;0.23;6.24;307
0.9;0.03;0.23;6.36;307
0.9;0.04;0.23;6.48;307
0.9;0.05;0.23;6.6;307
0.9;0.06;0.23;6.72;307
0.9;0.07;0.23;6.84;307
0.9;0.08;0.23;6.96;307
0.9;0.09;0.23;7.08;307
0.9;0.1;0.23;7.2;307
0.9;0.11;0.23;7.32;307
0.9;0.12;0.23;7.44;307
0.9;0.13;0.23;7.56;307
0.9;0.14;0.23;7.68;307
0.9;0.15;0.23;7.8;307
0.9;0.16;0.23;7.92;307
0.9;0.17;0.23;8.04;307
0.9;0.18;0.23;8.16;307
0.9;0.19;0.23;8.28;307
0.9;0.2;0.23;8.4;307
0.9;0.21;0.23;8.52;307
0.9;0.22;0.23;8.64;307
0.9;0.23;0.23;8.76;307
0.9;0.24;0.23;8.88;307
0.9;0.25;0.23;9;307
0.9;0.26;0.23;9.12;307
0.9;0.27;0.23;9.24;307
0.9;0.28;0.23;9.36;307
0.9;0.29;0.23;9.48;307
0.9;0.3;0.23;9.6;307
0.9;0.31;0.23;9.72;307
0.9;0.32;0.23;9.84;307
0.9;0.33;0.23;9.96;307
0.9;0.34;0.23;10.08;307
0.9;0.35;0.23;10.2;307
0.9;0.36;0.23;10.32;307
0.9;0.37;0.23;10.44;307
0.9;0.38;0.23;10.56;307
0.9;0.39;0.23;10.68;307
0.9;0.4;0.23;10.8;307
0.9;0;0.24;6;316
0.9;0.01;0.24;6.12;316
0.9;0.02;0.24;6.24;316
0.9;0.03;0.24;6.36;316
0.9;0.04;0.24;6.48;316
0.9;0.05;0.24;6.6;316
0.9;0.06;0.24;6.72;316
0.9;0.07;0.24;6.84;316
0.9;0.08;0.24;6.96;316
0.9;0.09;0.24;7.08;316
0.9;0.1;0.24;7.2;316
0.9;0.11;0.24;7.32;316
0.9;0.12;0.24;7.44;316
0.9;0.13;0.24;7.56;316
0.9;0.14;0.24;7.68;316
0.9;0.15;0.24;7.8;316
0.9;0.16;0.24;7.92;316
0.9;0.17;0.24;8.04;316
0.9;0.18;0.24;8.16;316
0.9;0.19;0.24;8.28;316
0.9;0.2;0.24;8.4;316
0.9;0.21;0.24;8.52;316
0.9;0.22;0.24;8.64;316
0.9;0.23;0.24;8.76;316
0.9;0.24;0.24;8.88;316
0.9;0.25;0.24;9;316
0.9;0.26;0.24;9.12;316
0.9;0.27;0.24;9.24;316
0.9;0.28;0.24;9.36;316
0.9;0.29;0.24;9.48;316
0.9;0.3;0.24;9.6;316
0.9;0.31;0.24;9.72;316
0.9;0.32;0.24;9.84;316
0.9;0.33;0.24;9.96;316
0.9;0.34;0.24;10.08;316
0.9;0.35;0.24;10.2;316
0.9;0.36;0.24;10.32;316
0.9;0.37;0.24;10.44;316
0.9;0.38;0.24;10.56;316
0.9;0.39;0.24;10.68;316
0.9;0.4;0.24;10.8;316
0.9;0;0.25;6;325
0.9;0.01;0.25;6.12;325
0.9;0.02;0.25;6.24;325
0.9;0.03;0.25;6.36;325
0.9;0.04;0.25;6.48;325
0.9;0.05;0.25;6.6;325
0.9;0.06;0.25;6.72;325
0.9;0.07;0.25;6.84;325
0.9;0.08;0.25;6.96;325
0.9;0.09;0.25;7.08;325
0.9;0.1;0.25;7.2;325
0.9;0.11;0.25;7.32;325
0.9;0.12;0.25;7.44;325
0.9;0.13;0.25;7.56;325
0.9;0.14;0.25;7.68;325
0.9;0.15;0.25;7.8;325
0.9;0.16;0.25;7.92;325
0.9;0.17;0.25;8.04;325
0.9;0.18;0.25;8.16;325
0.9;0.19;0.25;8.28;325
0.9;0.2;0.25;8.4;325
0.9;0.21;0.25;8.52;325
0.9;0.22;0.25;8.64;325
0.9;0.23;0.25;8.76;325
0.9;0.24;0.25;8.88;325
0.9;0.25;0.25;9;325
0.9;0.26;0.25;9.12;325
0.9;0.27;0.25;9.24;325
0.9;0.28;0.25;9.36;325
0.9;0.29;0.25;9.48;325
0.9;0.3;0.25;9.6;325
0.9;0.31;0.25;9.72;325
0.9;0.32;0.25;9.84;325
0.9;0.33;0.25;9.96;325
0.9;0.34;0.25;10.08;325
0.9;0.35;0.25;10.2;325
0.9;0.36;0.25;10.32;325
0.9;0.37;0.25;10.44;325
0.9;0.38;0.25;10.56;325
0.9;0.39;0.25;10.68;325
0.9;0.4;0.25;10.8;325
0.9;0;0.26;6;334
0.9;0.01;0.26;6.12;334
0.9;0.02;0.26;6.24;334
0.9;0.03;0.26;6.36;334
0.9;0.04;0.26;6.48;334
0.9;0.05;0.26;6.6;334
0.9;0.06;0.26;6.72;334
0.9;0.07;0.26;6.84;334
0.9;0.08;0.26;6.96;334
0.9;0.09;0.26;7.08;334
0.9;0.1;0.26;7.2;334
0.9;0.11;0.26;7.32;334
0.9;0.12;0.26;7.44;334
0.9;0.13;0.26;7.56;334
0.9;0.14;0.26;7.68;334
0.9;0.15;0.26;7.8;334
0.9;0.16;0.26;7.92;334
0.9;0.17;0.26;8.04;334
0.9;0.18;0.26;8.16;334
0.9;0.19;0.26;8.28;334
0.9;0.2;0.26;8.4;334
0.9;0.21;0.26;8.52;334
0.9;0.22;0.26;8.64;334
0.9;0.23;0.26;8.76;334
0.9;0.24;0.26;8.88;334
0.9;0.25;0.26;9;334
0.9;0.26;0.26;9.12;334
0.9;0.27;0.26;9.24;334
0.9;0.28;0.26;9.36;334
0.9;0.29;0.26;9.48;334
0.9;0.3;0.26;9.6;334
0.9;0.31;0.26;9.72;334
0.9;0.32;0.26;9.84;334
0.9;0.33;0.26;9.96;334
0.9;0.34;0.26;10.08;334
0.9;0.35;0.26;10.2;334
0.9;0.36;0.26;10.32;334
0.9;0.37;0.26;10.44;334
0.9;0.38;0.26;10.56;334
0.9;0.39;0.26;10.68;334
0.9;0.4;0.26;10.8;334
0.9;0;0.27;6;343
0.9;0.01;0.27;6.12;343
0.9;0.02;0.27;6.24;343
0.9;0.03;0.27;6.36;343
0.9;0.04;0.27;6.48;343
0.9;0.05;0.27;6.6;343
0.9;0.06;0.27;6.72;343
0.9;0.07;0.27;6.84;343
0.9;0.08;0.27;6.96;343
0.9;0.09;0.27;7.08;343
0.9;0.1;0.27;7.2;343
0.9;0.11;0.27;7.32;343
0.9;0.12;0.27;7.44;343
0.9;0.13;0.27;7.56;343
0.9;0.14;0.27;7.68;343
0.9;0.15;0.27;7.8;343
0.9;0.16;0.27;7.92;343
0.9;0.17;0.27;8.04;343
0.9;0.18;0.27;8.16;343
0.9;0.19;0.27;8.28;343
0.9;0.2;0.27;8.4;343
0.9;0.21;0.27;8.52;343
0.9;0.22;0.27;8.64;343
0.9;0.23;0.27;8.76;343
0.9;0.24;0.27;8.88;343
0.9;0.25;0.27;9;343
0.9;0.26;0.27;9.12;343
0.9;0.27;0.27;9.24;343
0.9;0.28;0.27;9.36;343
0.9;0.29;0.27;9.48;343
0.9;0.3;0.27;9.6;343
0.9;0.31;0.27;9.72;343
0.9;0.32;0.27;9.84;343
0.9;0.33;0.27;9.96;343
0.9;0.34;0.27;10.08;343
0.9;0.35;0.27;10.2;343
0.9;0.36;0.27;10.32;343
0.9;0.37;0.27;10.44;343
0.9;0.38;0.27;10.56;343
0.9;0.39;0.27;10.68;343
0.9;0.4;0.27;10.8;343
0.9;0;0.28;6;352
0.9;0.01;0.28;6.12;352
0.9;0.02;0.28;6.24;352
0.9;0.03;0.28;6.36;352
0.9;0.04;0.28;6.48;352
0.9;0.05;0.28;6.6;352
0.9;0.06;0.28;6.72;352
0.9;0.07;0.28;6.84;352
0.9;0.08;0.28;6.96;352
0.9;0.09;0.28;7.08;352
0.9;0.1;0.28;7.2;352
0.9;0.11;0.28;7.32;352
0.9;0.12;0.28;7.44;352
0.9;0.13;0.28;7.56;352
0.9;0.14;0.28;7.68;352
0.9;0.15;0.28;7.8;352
0.9;0.16;0.28;7.92;352
0.9;0.17;0.28;8.04;352
0.9;0.18;0.28;8.16;352
0.9;0.19;0.28;8.28;352
0.9;0.2;0.28;8.4;352
0.9;0.21;0.28;8.52;352
0.9;0.22;0.28;8.64;352
0.9;0.23;0.28;8.76;352
0.9;0.24;0.28;8.88;352
0.9;0.25;0.28;9;352
0.9;0.26;0.28;9.12;352
0.9;0.27;0.28;9.24;352
0.9;0.28;0.28;9.36;352
0.9;0.29;0.28;9.48;352
0.9;0.3;0.28;9.6;352
0.9;0.31;0.28;9.72;352
0.9;0.32;0.28;9.84;352
0.9;0.33;0.28;9.96;352
0.9;0.34;0.28;10.08;352
0.9;0.35;0.28;10.2;352
0.9;0.36;0.28;10.32;352
0.9;0.37;0.28;10.44;352
0.9;0.38;0.28;10.56;352
0.9;0.39;0.28;10.68;352
0.9;0.4;0.28;10.8;352
0.9;0;0.29;6;361
0.9;0.01;0.29;6.12;361
0.9;0.02;0.29;6.24;361
0.9;0.03;0.29;6.36;361
0.9;0.04;0.29;6.48;361
0.9;0.05;0.29;6.6;361
0.9;0.06;0.29;6.72;361
0.9;0.07;0.29;6.84;361
0.9;0.08;0.29;6.96;361
0.9;0.09;0.29;7.08;361
0.9;0.1;0.29;7.2;361
0.9;0.11;0.29;7.32;361
0.9;0.12;0.29;7.44;361
0.9;0.13;0.29;7.56;361
0.9;0.14;0.29;7.68;361
0.9;0.15;0.29;7.8;361
0.9;0.16;0.29;7.92;361
0.9;0.17;0.29;8.04;361
0.9;0.18;0.29;8.16;361
0.9;0.19;0.29;8.28;361
0.9;0.2;0.29;8.4;361
0.9;0.21;0.29;8.52;361
0.9;0.22;0.29;8.64;361
0.9;0.23;0.29;8.76;361
0.9;0.24;0.29;8.88;361
0.9;0.25;0.29;9;361
0.9;0.26;0.29;9.12;361
0.9;0.27;0.29;9.24;361
0.9;0.28;0.29;9.36;361
0.9;0.29;0.29;9.48;361
0.9;0.3;0.29;9.6;361
0.9;0.31;0.29;9.72;361
0.9;0.32;0.29;9.84;361
0.9;0.33;0.29;9.96;361
0.9;0.34;0.29;10.08;361
0.9;0.35;0.29;10.2;361
0.9;0.36;0.29;10.32;361
0.9;0.37;0.29;10.44;361
0.9;0.38;0.29;10.56;361
0.9;0.39;0.29;10.68;361
0.9;0.4;0.29;10.8;361
0.9;0;0.3;6;370
0.9;0.01;0.3;6.12;370
0.9;0.02;0.3;6.24;370
0.9;0.03;0.3;6.36;370
0.9;0.04;0.3;6.48;370
0.9;0.05;0.3;6.6;370
0.9;0.06;0.3;6.72;370
0.9;0.07;0.3;6.84;370
0.9;0.08;0.3;6.96;370
0.9;0.09;0.3;7.08;370
0.9;0.1;0.3;7.2;370
0.9;0.11;0.3;7.32;370
0.9;0.12;0.3;7.44;370
0.9;0.13;0.3;7.56;370
0.9;0.14;0.3;7.68;370
0.9;0.15;0.3;7.8;370
0.9;0.16;0.3;7.92;370
0.9;0.17;0.3;8.04;370
0.9;0.18;0.3;8.16;370
0.9;0.19;0.3;8.28;370
0.9;0.2;0.3;8.4;370
0.9;0.21;0.3;8.52;370
0.9;0.22;0.3;8.64;370
0.9;0.23;0.3;8.76;370
0.9;0.24;0.3;8.88;370
0.9;0.25;0.3;9;370
0.9;0.26;0.3;9.12;370
0.9;0.27;0.3;9.24;370
0.9;0.28;0.3;9.36;370
0.9;0.29;0.3;9.48;370
0.9;0.3;0.3;9.6;370
0.9;0.31;0.3;9.72;370
0.9;0.32;0.3;9.84;370
0.9;0.33;0.3;9.96;370
0.9;0.34;0.3;10.08;370
0.9;0.35;0.3;10.2;370
0.9;0.36;0.3;10.32;370
0.9;0.37;0.3;10.44;370
0.9;0.38;0.3;10.56;370
0.9;0.39;0.3;10.68;370
0.9;0.4;0.3;10.8;370
0.9;0;0.31;6;379
0.9;0.01;0.31;6.12;379
0.9;0.02;0.31;6.24;379
0.9;0.03;0.31;6.36;379
0.9;0.04;0.31;6.48;379
0.9;0.05;0.31;6.6;379
0.9;0.06;0.31;6.72;379
0.9;0.07;0.31;6.84;379
0.9;0.08;0.31;6.96;379
0.9;0.09;0.31;7.08;379
0.9;0.1;0.31;7.2;379
0.9;0.11;0.31;7.32;379
0.9;0.12;0.31;7.44;379
0.9;0.13;0.31;7.56;379
0.9;0.14;0.31;7.68;379
0.9;0.15;0.31;7.8;379
0.9;0.16;0.31;7.92;379
0.9;0.17;0.31;8.04;379
0.9;0.18;0.31;8.16;379
0.9;0.19;0.31;8.28;379
0.9;0.2;0.31;8.4;379
0.9;0.21;0.31;8.52;379
0.9;0.22;0.31;8.64;379
0.9;0.23;0.31;8.76;379
0.9;0.24;0.31;8.88;379
0.9;0.25;0.31;9;379
0.9;0.26;0.31;9.12;379
0.9;0.27;0.31;9.24;379
0.9;0.28;0.31;9.36;379
0.9;0.29;0.31;9.48;379
0.9;0.3;0.31;9.6;379
0.9;0.31;0.31;9.72;379
0.9;0.32;0.31;9.84;379
0.9;0.33;0.31;9.96;379
0.9;0.34;0.31;10.08;379
0.9;0.35;0.31;10.2;379
0.9;0.36;0.31;10.32;379
0.9;0.37;0.31;10.44;379
0.9;0.38;0.31;10.56;379
0.9;0.39;0.31;10.68;379
0.9;0.4;0.31;10.8;379
0.9;0;0.32;6;388
0.9;0.01;0.32;6.12;388
0.9;0.02;0.32;6.24;388
0.9;0.03;0.32;6.36;388
0.9;0.04;0.32;6.48;388
0.9;0.05;0.32;6.6;388
0.9;0.06;0.32;6.72;388
0.9;0.07;0.32;6.84;388
0.9;0.08;0.32;6.96;388
0.9;0.09;0.32;7.08;388
0.9;0.1;0.32;7.2;388
0.9;0.11;0.32;7.32;388
0.9;0.12;0.32;7.44;388
0.9;0.13;0.32;7.56;388
0.9;0.14;0.32;7.68;388
0.9;0.15;0.32;7.8;388
0.9;0.16;0.32;7.92;388
0.9;0.17;0.32;8.04;388
0.9;0.18;0.32;8.16;388
0.9;0.19;0.32;8.28;388
0.9;0.2;0.32;8.4;388
0.9;0.21;0.32;8.52;388
0.9;0.22;0.32;8.64;388
0.9;0.23;0.32;8.76;388
0.9;0.24;0.32;8.88;388
0.9;0.25;0.32;9;388
0.9;0.26;0.32;9.12;388
0.9;0.27;0.32;9.24;388
0.9;0.28;0.32;9.36;388
0.9;0.29;0.32;9.48;388
0.9;0.3;0.32;9.6;388
0.9;0.31;0.32;9.72;388
0.9;0.32;0.32;9.84;388
0.9;0.33;0.32;9.96;388
0.9;0.34;0.32;10.08;388
0.9;0.35;0.32;10.2;388
0.9;0.36;0.32;10.32;388
0.9;0.37;0.32;10.44;388
0.9;0.38;0.32;10.56;388
0.9;0.39;0.32;10.68;388
0.9;0.4;0.32;10.8;388
0.9;0;0.33;6;397
0.9;0.01;0.33;6.12;397
0.9;0.02;0.33;6.24;397
0.9;0.03;0.33;6.36;397
0.9;0.04;0.33;6.48;397
0.9;0.05;0.33;6.6;397
0.9;0.06;0.33;6.72;397
0.9;0.07;0.33;6.84;397
0.9;0.08;0.33;6.96;397
0.9;0.09;0.33;7.08;397
0.9;0.1;0.33;7.2;397
0.9;0.11;0.33;7.32;397
0.9;0.12;0.33;7.44;397
0.9;0.13;0.33;7.56;397
0.9;0.14;0.33;7.68;397
0.9;0.15;0.33;7.8;397
0.9;0.16;0.33;7.92;397
0.9;0.17;0.33;8.04;397
0.9;0.18;0.33;8.16;397
0.9;0.19;0.33;8.28;397
0.9;0.2;0.33;8.4;397
0.9;0.21;0.33;8.52;397
0.9;0.22;0.33;8.64;397
0.9;0.23;0.33;8.76;397
0.9;0.24;0.33;8.88;397
0.9;0.25;0.33;9;397
0.9;0.26;0.33;9.12;397
0.9;0.27;0.33;9.24;397
0.9;0.28;0.33;9.36;397
0.9;0.29;0.33;9.48;397
0.9;0.3;0.33;9.6;397
0.9;0.31;0.33;9.72;397
0.9;0.32;0.33;9.84;397
0.9;0.33;0.33;9.96;397
0.9;0.34;0.33;10.08;397
0.9;0.35;0.33;10.2;397
0.9;0.36;0.33;10.32;397
0.9;0.37;0.33;10.44;397
0.9;0.38;0.33;10.56;397
0.9;0.39;0.33;10.68;397
0.9;0.4;0.33;10.8;397
0.9;0;0.34;6;406
0.9;0.01;0.34;6.12;406
0.9;0.02;0.34;6.24;406
0.9;0.03;0.34;6.36;406
0.9;0.04;0.34;6.48;406
0.9;0.05;0.34;6.6;406
0.9;0.06;0.34;6.72;406
0.9;0.07;0.34;6.84;406
0.9;0.08;0.34;6.96;406
0.9;0.09;0.34;7.08;406
0.9;0.1;0.34;7.2;406
0.9;0.11;0.34;7.32;406
0.9;0.12;0.34;7.44;406
0.9;0.13;0.34;7.56;406
0.9;0.14;0.34;7.68;406
0.9;0.15;0.34;7.8;406
0.9;0.16;0.34;7.92;406
0.9;0.17;0.34;8.04;406
0.9;0.18;0.34;8.16;406
0.9;0.19;0.34;8.28;406
0.9;0.2;0.34;8.4;406
0.9;0.21;0.34;8.52;406
0.9;0.22;0.34;8.64;406
0.9;0.23;0.34;8.76;406
0.9;0.24;0.34;8.88;406
0.9;0.25;0.34;9;406
0.9;0.26;0.34;9.12;406
0.9;0.27;0.34;9.24;406
0.9;0.28;0.34;9.36;406
0.9;0.29;0.34;9.48;406
0.9;0.3;0.34;9.6;406
0.9;0.31;0.34;9.72;406
0.9;0.32;0.34;9.84;406
0.9;0.33;0.34;9.96;406
0.9;0.34;0.34;10.08;406
0.9;0.35;0.34;10.2;406
0.9;0.36;0.34;10.32;406
0.9;0.37;0.34;10.44;406
0.9;0.38;0.34;10.56;406
0.9;0.39;0.34;10.68;406
0.9;0.4;0.34;10.8;406
0.9;0;0.35;6;415
0.9;0.01;0.35;6.12;415
0.9;0.02;0.35;6.24;415
0.9;0.03;0.35;6.36;415
0.9;0.04;0.35;6.48;415
0.9;0.05;0.35;6.6;415
0.9;0.06;0.35;6.72;415
0.9;0.07;0.35;6.84;415
0.9;0.08;0.35;6.96;415
0.9;0.09;0.35;7.08;415
0.9;0.1;0.35;7.2;415
0.9;0.11;0.35;7.32;415
0.9;0.12;0.35;7.44;415
0.9;0.13;0.35;7.56;415
0.9;0.14;0.35;7.68;415
0.9;0.15;0.35;7.8;415
0.9;0.16;0.35;7.92;415
0.9;0.17;0.35;8.04;415
0.9;0.18;0.35;8.16;415
0.9;0.19;0.35;8.28;415
0.9;0.2;0.35;8.4;415
0.9;0.21;0.35;8.52;415
0.9;0.22;0.35;8.64;415
0.9;0.23;0.35;8.76;415
0.9;0.24;0.35;8.88;415
0.9;0.25;0.35;9;415
0.9;0.26;0.35;9.12;415
0.9;0.27;0.35;9.24;415
0.9;0.28;0.35;9.36;415
0.9;0.29;0.35;9.48;415
0.9;0.3;0.35;9.6;415
0.9;0.31;0.35;9.72;415
0.9;0.32;0.35;9.84;415
0.9;0.33;0.35;9.96;415
0.9;0.34;0.35;10.08;415
0.9;0.35;0.35;10.2;415
0.9;0.36;0.35;10.32;415
0.9;0.37;0.35;10.44;415
0.9;0.38;0.35;10.56;415
0.9;0.39;0.35;10.68;415
0.9;0.4;0.35;10.8;415
0.9;0;0.36;6;424
0.9;0.01;0.36;6.12;424
0.9;0.02;0.36;6.24;424
0.9;0.03;0.36;6.36;424
0.9;0.04;0.36;6.48;424
0.9;0.05;0.36;6.6;424
0.9;0.06;0.36;6.72;424
0.9;0.07;0.36;6.84;424
0.9;0.08;0.36;6.96;424
0.9;0.09;0.36;7.08;424
0.9;0.1;0.36;7.2;424
0.9;0.11;0.36;7.32;424
0.9;0.12;0.36;7.44;424
0.9;0.13;0.36;7.56;424
0.9;0.14;0.36;7.68;424
0.9;0.15;0.36;7.8;424
0.9;0.16;0.36;7.92;424
0.9;0.17;0.36;8.04;424
0.9;0.18;0.36;8.16;424
0.9;0.19;0.36;8.28;424
0.9;0.2;0.36;8.4;424
0.9;0.21;0.36;8.52;424
0.9;0.22;0.36;8.64;424
0.9;0.23;0.36;8.76;424
0.9;0.24;0.36;8.88;424
0.9;0.25;0.36;9;424
0.9;0.26;0.36;9.12;424
0.9;0.27;0.36;9.24;424
0.9;0.28;0.36;9.36;424
0.9;0.29;0.36;9.48;424
0.9;0.3;0.36;9.6;424
0.9;0.31;0.36;9.72;424
0.9;0.32;0.36;9.84;424
0.9;0.33;0.36;9.96;424
0.9;0.34;0.36;10.08;424
0.9;0.35;0.36;10.2;424
0.9;0.36;0.36;10.32;424
0.9;0.37;0.36;10.44;424
0.9;0.38;0.36;10.56;424
0.9;0.39;0.36;10.68;424
0.9;0.4;0.36;10.8;424
0.9;0;0.37;6;433
0.9;0.01;0.37;6.12;433
0.9;0.02;0.37;6.24;433
0.9;0.03;0.37;6.36;433
0.9;0.04;0.37;6.48;433
0.9;0.05;0.37;6.6;433
0.9;0.06;0.37;6.72;433
0.9;0.07;0.37;6.84;433
0.9;0.08;0.37;6.96;433
0.9;0.09;0.37;7.08;433
0.9;0.1;0.37;7.2;433
0.9;0.11;0.37;7.32;433
0.9;0.12;0.37;7.44;433
0.9;0.13;0.37;7.56;433
0.9;0.14;0.37;7.68;433
0.9;0.15;0.37;7.8;433
0.9;0.16;0.37;7.92;433
0.9;0.17;0.37;8.04;433
0.9;0.18;0.37;8.16;433
0.9;0.19;0.37;8.28;433
0.9;0.2;0.37;8.4;433
0.9;0.21;0.37;8.52;433
0.9;0.22;0.37;8.64;433
0.9;0.23;0.37;8.76;433
0.9;0.24;0.37;8.88;433
0.9;0.25;0.37;9;433
0.9;0.26;0.37;9.12;433
0.9;0.27;0.37;9.24;433
0.9;0.28;0.37;9.36;433
0.9;0.29;0.37;9.48;433
0.9;0.3;0.37;9.6;433
0.9;0.31;0.37;9.72;433
0.9;0.32;0.37;9.84;433
0.9;0.33;0.37;9.96;433
0.9;0.34;0.37;10.08;433
0.9;0.35;0.37;10.2;433
0.9;0.36;0.37;10.32;433
0.9;0.37;0.37;10.44;433
0.9;0.38;0.37;10.56;433
0.9;0.39;0.37;10.68;433
0.9;0.4;0.37;10.8;433
0.9;0;0.38;6;442
0.9;0.01;0.38;6.12;442
0.9;0.02;0.38;6.24;442
0.9;0.03;0.38;6.36;442
0.9;0.04;0.38;6.48;442
0.9;0.05;0.38;6.6;442
0.9;0.06;0.38;6.72;442
0.9;0.07;0.38;6.84;442
0.9;0.08;0.38;6.96;442
0.9;0.09;0.38;7.08;442
0.9;0.1;0.38;7.2;442
0.9;0.11;0.38;7.32;442
0.9;0.12;0.38;7.44;442
0.9;0.13;0.38;7.56;442
0.9;0.14;0.38;7.68;442
0.9;0.15;0.38;7.8;442
0.9;0.16;0.38;7.92;442
0.9;0.17;0.38;8.04;442
0.9;0.18;0.38;8.16;442
0.9;0.19;0.38;8.28;442
0.9;0.2;0.38;8.4;442
0.9;0.21;0.38;8.52;442
0.9;0.22;0.38;8.64;442
0.9;0.23;0.38;8.76;442
0.9;0.24;0.38;8.88;442
0.9;0.25;0.38;9;442
0.9;0.26;0.38;9.12;442
0.9;0.27;0.38;9.24;442
0.9;0.28;0.38;9.36;442
0.9;0.29;0.38;9.48;442
0.9;0.3;0.38;9.6;442
0.9;0.31;0.38;9.72;442
0.9;0.32;0.38;9.84;442
0.9;0.33;0.38;9.96;442
0.9;0.34;0.38;10.08;442
0.9;0.35;0.38;10.2;442
0.9;0.36;0.38;10.32;442
0.9;0.37;0.38;10.44;442
0.9;0.38;0.38;10.56;442
0.9;0.39;0.38;10.68;442
0.9;0.4;0.38;10.8;442
0.9;0;0.39;6;451
0.9;0.01;0.39;6.12;451
0.9;0.02;0.39;6.24;451
0.9;0.03;0.39;6.36;451
0.9;0.04;0.39;6.48;451
0.9;0.05;0.39;6.6;451
0.9;0.06;0.39;6.72;451
0.9;0.07;0.39;6.84;451
0.9;0.08;0.39;6.96;451
0.9;0.09;0.39;7.08;451
0.9;0.1;0.39;7.2;451
0.9;0.11;0.39;7.32;451
0.9;0.12;0.39;7.44;451
0.9;0.13;0.39;7.56;451
0.9;0.14;0.39;7.68;451
0.9;0.15;0.39;7.8;451
0.9;0.16;0.39;7.92;451
0.9;0.17;0.39;8.04;451
0.9;0.18;0.39;8.16;451
0.9;0.19;0.39;8.28;451
0.9;0.2;0.39;8.4;451
0.9;0.21;0.39;8.52;451
0.9;0.22;0.39;8.64;451
0.9;0.23;0.39;8.76;451
0.9;0.24;0.39;8.88;451
0.9;0.25;0.39;9;451
0.9;0.26;0.39;9.12;451
0.9;0.27;0.39;9.24;451
0.9;0.28;0.39;9.36;451
0.9;0.29;0.39;9.48;451
0.9;0.3;0.39;9.6;451
0.9;0.31;0.39;9.72;451
0.9;0.32;0.39;9.84;451
0.9;0.33;0.39;9.96;451
0.9;0.34;0.39;10.08;451
0.9;0.35;0.39;10.2;451
0.9;0.36;0.39;10.32;451
0.9;0.37;0.39;10.44;451
0.9;0.38;0.39;10.56;451
0.9;0.39;0.39;10.68;451
0.9;0.4;0.39;10.8;451
0.9;0;0.4;6;460
0.9;0.01;0.4;6.12;460
0.9;0.02;0.4;6.24;460
0.9;0.03;0.4;6.36;460
0.9;0.04;0.4;6.48;460
0.9;0.05;0.4;6.6;460
0.9;0.06;0.4;6.72;460
0.9;0.07;0.4;6.84;460
0.9;0.08;0.4;6.96;460
0.9;0.09;0.4;7.08;460
0.9;0.1;0.4;7.2;460
0.9;0.11;0.4;7.32;460
0.9;0.12;0.4;7.44;460
0.9;0.13;0.4;7.56;460
0.9;0.14;0.4;7.68;460
0.9;0.15;0.4;7.8;460
0.9;0.16;0.4;7.92;460
0.9;0.17;0.4;8.04;460
0.9;0.18;0.4;8.16;460
0.9;0.19;0.4;8.28;460
0.9;0.2;0.4;8.4;460
0.9;0.21;0.4;8.52;460
0.9;0.22;0.4;8.64;460
0.9;0.23;0.4;8.76;460
0.9;0.24;0.4;8.88;460
0.9;0.25;0.4;9;460
0.9;0.26;0.4;9.12;460
0.9;0.27;0.4;9.24;460
0.9;0.28;0.4;9.36;460
0.9;0.29;0.4;9.48;460
0.9;0.3;0.4;9.6;460
0.9;0.31;0.4;9.72;460
0.9;0.32;0.4;9.84;460
0.9;0.33;0.4;9.96;460
0.9;0.34;0.4;10.08;460
0.9;0.35;0.4;10.2;460
0.9;0.36;0.4;10.32;460
0.9;0.37;0.4;10.44;460
0.9;0.38;0.4;10.56;460
0.9;0.39;0.4;10.68;460
0.9;0.4;0.4;10.8;460
0.9;0;0.41;6;469
0.9;0.01;0.41;6.12;469
0.9;0.02;0.41;6.24;469
0.9;0.03;0.41;6.36;469
0.9;0.04;0.41;6.48;469
0.9;0.05;0.41;6.6;469
0.9;0.06;0.41;6.72;469
0.9;0.07;0.41;6.84;469
0.9;0.08;0.41;6.96;469
0.9;0.09;0.41;7.08;469
0.9;0.1;0.41;7.2;469
0.9;0.11;0.41;7.32;469
0.9;0.12;0.41;7.44;469
0.9;0.13;0.41;7.56;469
0.9;0.14;0.41;7.68;469
0.9;0.15;0.41;7.8;469
0.9;0.16;0.41;7.92;469
0.9;0.17;0.41;8.04;469
0.9;0.18;0.41;8.16;469
0.9;0.19;0.41;8.28;469
0.9;0.2;0.41;8.4;469
0.9;0.21;0.41;8.52;469
0.9;0.22;0.41;8.64;469
0.9;0.23;0.41;8.76;469
0.9;0.24;0.41;8.88;469
0.9;0.25;0.41;9;469
0.9;0.26;0.41;9.12;469
0.9;0.27;0.41;9.24;469
0.9;0.28;0.41;9.36;469
0.9;0.29;0.41;9.48;469
0.9;0.3;0.41;9.6;469
0.9;0.31;0.41;9.72;469
0.9;0.32;0.41;9.84;469
0.9;0.33;0.41;9.96;469
0.9;0.34;0.41;10.08;469
0.9;0.35;0.41;10.2;469
0.9;0.36;0.41;10.32;469
0.9;0.37;0.41;10.44;469
0.9;0.38;0.41;10.56;469
0.9;0.39;0.41;10.68;469
0.9;0.4;0.41;10.8;469
0.9;0;0.42;6;478
0.9;0.01;0.42;6.12;478
0.9;0.02;0.42;6.24;478
0.9;0.03;0.42;6.36;478
0.9;0.04;0.42;6.48;478
0.9;0.05;0.42;6.6;478
0.9;0.06;0.42;6.72;478
0.9;0.07;0.42;6.84;478
0.9;0.08;0.42;6.96;478
0.9;0.09;0.42;7.08;478
0.9;0.1;0.42;7.2;478
0.9;0.11;0.42;7.32;478
0.9;0.12;0.42;7.44;478
0.9;0.13;0.42;7.56;478
0.9;0.14;0.42;7.68;478
0.9;0.15;0.42;7.8;478
0.9;0.16;0.42;7.92;478
0.9;0.17;0.42;8.04;478
0.9;0.18;0.42;8.16;478
0.9;0.19;0.42;8.28;478
0.9;0.2;0.42;8.4;478
0.9;0.21;0.42;8.52;478
0.9;0.22;0.42;8.64;478
0.9;0.23;0.42;8.76;478
0.9;0.24;0.42;8.88;478
0.9;0.25;0.42;9;478
0.9;0.26;0.42;9.12;478
0.9;0.27;0.42;9.24;478
0.9;0.28;0.42;9.36;478
0.9;0.29;0.42;9.48;478
0.9;0.3;0.42;9.6;478
0.9;0.31;0.42;9.72;478
0.9;0.32;0.42;9.84;478
0.9;0.33;0.42;9.96;478
0.9;0.34;0.42;10.08;478
0.9;0.35;0.42;10.2;478
0.9;0.36;0.42;10.32;478
0.9;0.37;0.42;10.44;478
0.9;0.38;0.42;10.56;478
0.9;0.39;0.42;10.68;478
0.9;0.4;0.42;10.8;478
0.9;0;0.43;6;487
0.9;0.01;0.43;6.12;487
0.9;0.02;0.43;6.24;487
0.9;0.03;0.43;6.36;487
0.9;0.04;0.43;6.48;487
0.9;0.05;0.43;6.6;487
0.9;0.06;0.43;6.72;487
0.9;0.07;0.43;6.84;487
0.9;0.08;0.43;6.96;487
0.9;0.09;0.43;7.08;487
0.9;0.1;0.43;7.2;487
0.9;0.11;0.43;7.32;487
0.9;0.12;0.43;7.44;487
0.9;0.13;0.43;7.56;487
0.9;0.14;0.43;7.68;487
0.9;0.15;0.43;7.8;487
0.9;0.16;0.43;7.92;487
0.9;0.17;0.43;8.04;487
0.9;0.18;0.43;8.16;487
0.9;0.19;0.43;8.28;487
0.9;0.2;0.43;8.4;487
0.9;0.21;0.43;8.52;487
0.9;0.22;0.43;8.64;487
0.9;0.23;0.43;8.76;487
0.9;0.24;0.43;8.88;487
0.9;0.25;0.43;9;487
0.9;0.26;0.43;9.12;487
0.9;0.27;0.43;9.24;487
0.9;0.28;0.43;9.36;487
0.9;0.29;0.43;9.48;487
0.9;0.3;0.43;9.6;487
0.9;0.31;0.43;9.72;487
0.9;0.32;0.43;9.84;487
0.9;0.33;0.43;9.96;487
0.9;0.34;0.43;10.08;487
0.9;0.35;0.43;10.2;487
0.9;0.36;0.43;10.32;487
0.9;0.37;0.43;10.44;487
0.9;0.38;0.43;10.56;487
0.9;0.39;0.43;10.68;487
0.9;0.4;0.43;10.8;487
0.9;0;0.44;6;496
0.9;0.01;0.44;6.12;496
0.9;0.02;0.44;6.24;496
0.9;0.03;0.44;6.36;496
0.9;0.04;0.44;6.48;496
0.9;0.05;0.44;6.6;496
0.9;0.06;0.44;6.72;496
0.9;0.07;0.44;6.84;496
0.9;0.08;0.44;6.96;496
0.9;0.09;0.44;7.08;496
0.9;0.1;0.44;7.2;496
0.9;0.11;0.44;7.32;496
0.9;0.12;0.44;7.44;496
0.9;0.13;0.44;7.56;496
0.9;0.14;0.44;7.68;496
0.9;0.15;0.44;7.8;496
0.9;0.16;0.44;7.92;496
0.9;0.17;0.44;8.04;496
0.9;0.18;0.44;8.16;496
0.9;0.19;0.44;8.28;496
0.9;0.2;0.44;8.4;496
0.9;0.21;0.44;8.52;496
0.9;0.22;0.44;8.64;496
0.9;0.23;0.44;8.76;496
0.9;0.24;0.44;8.88;496
0.9;0.25;0.44;9;496
0.9;0.26;0.44;9.12;496
0.9;0.27;0.44;9.24;496
0.9;0.28;0.44;9.36;496
0.9;0.29;0.44;9.48;496
0.9;0.3;0.44;9.6;496
0.9;0.31;0.44;9.72;496
0.9;0.32;0.44;9.84;496
0.9;0.33;0.44;9.96;496
0.9;0.34;0.44;10.08;496
0.9;0.35;0.44;10.2;496
0.9;0.36;0.44;10.32;496
0.9;0.37;0.44;10.44;496
0.9;0.38;0.44;10.56;496
0.9;0.39;0.44;10.68;496
0.9;0.4;0.44;10.8;496
0.9;0;0.45;6;505
0.9;0.01;0.45;6.12;505
0.9;0.02;0.45;6.24;505
0.9;0.03;0.45;6.36;505
0.9;0.04;0.45;6.48;505
0.9;0.05;0.45;6.6;505
0.9;0.06;0.45;6.72;505
0.9;0.07;0.45;6.84;505
0.9;0.08;0.45;6.96;505
0.9;0.09;0.45;7.08;505
0.9;0.1;0.45;7.2;505
0.9;0.11;0.45;7.32;505
0.9;0.12;0.45;7.44;505
0.9;0.13;0.45;7.56;505
0.9;0.14;0.45;7.68;505
0.9;0.15;0.45;7.8;505
0.9;0.16;0.45;7.92;505
0.9;0.17;0.45;8.04;505
0.9;0.18;0.45;8.16;505
0.9;0.19;0.45;8.28;505
0.9;0.2;0.45;8.4;505
0.9;0.21;0.45;8.52;505
0.9;0.22;0.45;8.64;505
0.9;0.23;0.45;8.76;505
0.9;0.24;0.45;8.88;505
0.9;0.25;0.45;9;505
0.9;0.26;0.45;9.12;505
0.9;0.27;0.45;9.24;505
0.9;0.28;0.45;9.36;505
0.9;0.29;0.45;9.48;505
0.9;0.3;0.45;9.6;505
0.9;0.31;0.45;9.72;505
0.9;0.32;0.45;9.84;505
0.9;0.33;0.45;9.96;505
0.9;0.34;0.45;10.08;505
0.9;0.35;0.45;10.2;505
0.9;0.36;0.45;10.32;505
0.9;0.37;0.45;10.44;505
0.9;0.38;0.45;10.56;505
0.9;0.39;0.45;10.68;505
0.9;0.4;0.45;10.8;505
0.9;0;0.46;6;514
0.9;0.01;0.46;6.12;514
0.9;0.02;0.46;6.24;514
0.9;0.03;0.46;6.36;514
0.9;0.04;0.46;6.48;514
0.9;0.05;0.46;6.6;514
0.9;0.06;0.46;6.72;514
0.9;0.07;0.46;6.84;514
0.9;0.08;0.46;6.96;514
0.9;0.09;0.46;7.08;514
0.9;0.1;0.46;7.2;514
0.9;0.11;0.46;7.32;514
0.9;0.12;0.46;7.44;514
0.9;0.13;0.46;7.56;514
0.9;0.14;0.46;7.68;514
0.9;0.15;0.46;7.8;514
0.9;0.16;0.46;7.92;514
0.9;0.17;0.46;8.04;514
0.9;0.18;0.46;8.16;514
0.9;0.19;0.46;8.28;514
0.9;0.2;0.46;8.4;514
0.9;0.21;0.46;8.52;514
0.9;0.22;0.46;8.64;514
0.9;0.23;0.46;8.76;514
0.9;0.24;0.46;8.88;514
0.9;0.25;0.46;9;514
0.9;0.26;0.46;9.12;514
0.9;0.27;0.46;9.24;514
0.9;0.28;0.46;9.36;514
0.9;0.29;0.46;9.48;514
0.9;0.3;0.46;9.6;514
0.9;0.31;0.46;9.72;514
0.9;0.32;0.46;9.84;514
0.9;0.33;0.46;9.96;514
0.9;0.34;0.46;10.08;514
0.9;0.35;0.46;10.2;514
0.9;0.36;0.46;10.32;514
0.9;0.37;0.46;10.44;514
0.9;0.38;0.46;10.56;514
0.9;0.39;0.46;10.68;514
0.9;0.4;0.46;10.8;514
0.9;0;0.47;6;523
0.9;0.01;0.47;6.12;523
0.9;0.02;0.47;6.24;523
0.9;0.03;0.47;6.36;523
0.9;0.04;0.47;6.48;523
0.9;0.05;0.47;6.6;523
0.9;0.06;0.47;6.72;523
0.9;0.07;0.47;6.84;523
0.9;0.08;0.47;6.96;523
0.9;0.09;0.47;7.08;523
0.9;0.1;0.47;7.2;523
0.9;0.11;0.47;7.32;523
0.9;0.12;0.47;7.44;523
0.9;0.13;0.47;7.56;523
0.9;0.14;0.47;7.68;523
0.9;0.15;0.47;7.8;523
0.9;0.16;0.47;7.92;523
0.9;0.17;0.47;8.04;523
0.9;0.18;0.47;8.16;523
0.9;0.19;0.47;8.28;523
0.9;0.2;0.47;8.4;523
0.9;0.21;0.47;8.52;523
0.9;0.22;0.47;8.64;523
0.9;0.23;0.47;8.76;523
0.9;0.24;0.47;8.88;523
0.9;0.25;0.47;9;523
0.9;0.26;0.47;9.12;523
0.9;0.27;0.47;9.24;523
0.9;0.28;0.47;9.36;523
0.9;0.29;0.47;9.48;523
0.9;0.3;0.47;9.6;523
0.9;0.31;0.47;9.72;523
0.9;0.32;0.47;9.84;523
0.9;0.33;0.47;9.96;523
0.9;0.34;0.47;10.08;523
0.9;0.35;0.47;10.2;523
0.9;0.36;0.47;10.32;523
0.9;0.37;0.47;10.44;523
0.9;0.38;0.47;10.56;523
0.9;0.39;0.47;10.68;523
0.9;0.4;0.47;10.8;523
0.9;0;0.48;6;532
0.9;0.01;0.48;6.12;532
0.9;0.02;0.48;6.24;532
0.9;0.03;0.48;6.36;532
0.9;0.04;0.48;6.48;532
0.9;0.05;0.48;6.6;532
0.9;0.06;0.48;6.72;532
0.9;0.07;0.48;6.84;532
0.9;0.08;0.48;6.96;532
0.9;0.09;0.48;7.08;532
0.9;0.1;0.48;7.2;532
0.9;0.11;0.48;7.32;532
0.9;0.12;0.48;7.44;532
0.9;0.13;0.48;7.56;532
0.9;0.14;0.48;7.68;532
0.9;0.15;0.48;7.8;532
0.9;0.16;0.48;7.92;532
0.9;0.17;0.48;8.04;532
0.9;0.18;0.48;8.16;532
0.9;0.19;0.48;8.28;532
0.9;0.2;0.48;8.4;532
0.9;0.21;0.48;8.52;532
0.9;0.22;0.48;8.64;532
0.9;0.23;0.48;8.76;532
0.9;0.24;0.48;8.88;532
0.9;0.25;0.48;9;532
0.9;0.26;0.48;9.12;532
0.9;0.27;0.48;9.24;532
0.9;0.28;0.48;9.36;532
0.9;0.29;0.48;9.48;532
0.9;0.3;0.48;9.6;532
0.9;0.31;0.48;9.72;532
0.9;0.32;0.48;9.84;532
0.9;0.33;0.48;9.96;532
0.9;0.34;0.48;10.08;532
0.9;0.35;0.48;10.2;532
0.9;0.36;0.48;10.32;532
0.9;0.37;0.48;10.44;532
0.9;0.38;0.48;10.56;532
0.9;0.39;0.48;10.68;532
0.9;0.4;0.48;10.8;532
0.9;0;0.49;6;541
0.9;0.01;0.49;6.12;541
0.9;0.02;0.49;6.24;541
0.9;0.03;0.49;6.36;541
0.9;0.04;0.49;6.48;541
0.9;0.05;0.49;6.6;541
0.9;0.06;0.49;6.72;541
0.9;0.07;0.49;6.84;541
0.9;0.08;0.49;6.96;541
0.9;0.09;0.49;7.08;541
0.9;0.1;0.49;7.2;541
0.9;0.11;0.49;7.32;541
0.9;0.12;0.49;7.44;541
0.9;0.13;0.49;7.56;541
0.9;0.14;0.49;7.68;541
0.9;0.15;0.49;7.8;541
0.9;0.16;0.49;7.92;541
0.9;0.17;0.49;8.04;541
0.9;0.18;0.49;8.16;541
0.9;0.19;0.49;8.28;541
0.9;0.2;0.49;8.4;541
0.9;0.21;0.49;8.52;541
0.9;0.22;0.49;8.64;541
0.9;0.23;0.49;8.76;541
0.9;0.24;0.49;8.88;541
0.9;0.25;0.49;9;541
0.9;0.26;0.49;9.12;541
0.9;0.27;0.49;9.24;541
0.9;0.28;0.49;9.36;541
0.9;0.29;0.49;9.48;541
0.9;0.3;0.49;9.6;541
0.9;0.31;0.49;9.72;541
0.9;0.32;0.49;9.84;541
0.9;0.33;0.49;9.96;541
0.9;0.34;0.49;10.08;541
0.9;0.35;0.49;10.2;541
0.9;0.36;0.49;10.32;541
0.9;0.37;0.49;10.44;541
0.9;0.38;0.49;10.56;541
0.9;0.39;0.49;10.68;541
0.9;0.4;0.49;10.8;541
0.9;0;0.5;6;550
0.9;0.01;0.5;6.12;550
0.9;0.02;0.5;6.24;550
0.9;0.03;0.5;6.36;550
0.9;0.04;0.5;6.48;550
0.9;0.05;0.5;6.6;550
0.9;0.06;0.5;6.72;550
0.9;0.07;0.5;6.84;550
0.9;0.08;0.5;6.96;550
0.9;0.09;0.5;7.08;550
0.9;0.1;0.5;7.2;550
0.9;0.11;0.5;7.32;550
0.9;0.12;0.5;7.44;550
0.9;0.13;0.5;7.56;550
0.9;0.14;0.5;7.68;550
0.9;0.15;0.5;7.8;550
0.9;0.16;0.5;7.92;550
0.9;0.17;0.5;8.04;550
0.9;0.18;0.5;8.16;550
0.9;0.19;0.5;8.28;550
0.9;0.2;0.5;8.4;550
0.9;0.21;0.5;8.52;550
0.9;0.22;0.5;8.64;550
0.9;0.23;0.5;8.76;550
0.9;0.24;0.5;8.88;550
0.9;0.25;0.5;9;550
0.9;0.26;0.5;9.12;550
0.9;0.27;0.5;9.24;550
0.9;0.28;0.5;9.36;550
0.9;0.29;0.5;9.48;550
0.9;0.3;0.5;9.6;550
0.9;0.31;0.5;9.72;550
0.9;0.32;0.5;9.84;550
0.9;0.33;0.5;9.96;550
0.9;0.34;0.5;10.08;550
0.9;0.35;0.5;10.2;550
0.9;0.36;0.5;10.32;550
0.9;0.37;0.5;10.44;550
0.9;0.38;0.5;10.56;550
0.9;0.39;0.5;10.68;550
0.9;0.4;0.5;10.8;550
